"pitches","player_id","player_name","total_pitches","pitch_percent","ba","iso","babip","slg","woba","xwoba","xba","hits","abs","launch_speed","launch_angle","spin_rate","velocity","effective_speed","whiffs","swings","takes","eff_min_vel","release_extension","pos3_int_start_distance","pos4_int_start_distance","pos5_int_start_distance","pos6_int_start_distance","pos7_int_start_distance","pos8_int_start_distance","pos9_int_start_distance"
96,596103,"Slater, Austin",1326,7.2,0.25,0.313,0.333,0.563,0.425,0.442,0.289,4,16,85,5,2317,90.2,90.29,14,36,60,0.09999999999999432,6.3,103,151,114,147,303,322,290
60,573131,"Ruf, Darin",1620,3.7,0.25,0.083,0.273,0.333,0.315,0.367,0.293,3,12,86.7,20.4,2240,87.8,87.41,1,21,39,-0.3999999999999915,6.06,110,153,122,145,303,328,293
51,607054,"Peterson, Jace",1420,3.6,0,0,0,0,0.128,0.239,0.14,0,9,81.1,1.4,2296,91.2,91.27,4,24,27,0.09999999999999432,6.37,112,144,105,149,287,314,294
51,664247,"Garlick, Kyle",602,8.5,0.25,0,0.5,0.25,0.318,0.246,0.114,2,8,86.4,7.3,2380,90.6,90.54,10,25,26,-0.09999999999999432,6.25,107,150,116,145,299,330,294
46,592626,"Pederson, Joc",1685,2.7,0.3,0,0.429,0.3,0.304,0.226,0.194,3,10,87.9,-1.3,2275,90.7,90.97,8,27,19,0.29999999999999716,6.45,108,161,127,143,296,325,300
44,664238,"Moore, Dylan",1133,3.9,0.222,0,0.5,0.222,0.246,0.308,0.245,2,9,92.1,14.8,2491,86.1,85.68,7,17,27,-0.3999999999999915,6.1,102,149,110,147,292,318,281
42,664731,"Higgins, P.J.",916,4.6,0.1,0.1,0.143,0.2,0.126,0.106,0.11,1,10,72.2,1.4,2220,89.7,89.73,6,21,21,0,6.4,108,144,115,141,296,315,280
39,608336,"Gallo, Joey",1725,2.3,0,0,0,0,0.295,0.427,0.318,0,3,79.4,0,2323,87.4,87.53,6,16,23,0.09999999999999432,6.46,118,178,111,147,292,319,299
38,663728,"Raleigh, Cal",1642,2.3,0.2,0.4,0.25,0.6,0.333,0.346,0.185,2,10,96,27.2,2333,88.3,87.92,10,22,16,-0.29999999999999716,6.12,115,159,115,151,291,321,295
37,666915,"Dalbec, Bobby",1475,2.5,0.125,0.375,0,0.5,0.259,0.218,0.109,1,8,99.2,49.5,2355,89.2,89.13,8,20,17,-0.10000000000000853,6.38,102,145,114,139,291,316,295
36,605170,"Caratini, Victor",1246,2.9,0,0,0,0,0.098,0.158,0.075,0,6,76.5,-22.8,2317,91.6,91.19,1,9,27,-0.3999999999999915,6.11,115,154,106,148,293,314,297
36,680700,"Palacios, Richie",513,7,0.167,0.167,0.2,0.333,0.18,0.287,0.161,1,6,83.2,28.6,2291,90.5,90.55,5,16,20,0.09999999999999432,6.21,107,149,106,149,289,318,291
35,606992,"Haase, Eric",1376,2.5,0.333,0,0.5,0.333,0.295,0.321,0.338,2,6,96.8,12.5,2374,89.9,89.99,6,21,14,0.09999999999999432,6.37,98,180,111,147,295,325,300
35,446334,"Longoria, Evan",1187,2.9,0.2,0,0.333,0.2,0.225,0.306,0.19,1,5,92.9,-4.3,2274,90.7,90.87,9,18,17,0.20000000000000284,6.33,109,150,118,145,302,326,290
33,527038,"Flores, Wilmer",2426,1.4,0.333,0,0.667,0.333,0.351,0.338,0.279,2,6,84.4,-3.7,2381,93.5,93.29,6,16,17,-0.20000000000000284,6.15,105,146,118,139,302,326,289
32,573262,"Yastrzemski, Mike",2349,1.4,0,0,0,0,0,0.049,0.058,0,7,84.3,33.5,2245,90.9,91.47,7,16,16,0.5999999999999943,6.61,100,149,107,142,293,320,301
32,664774,"Wade Jr., LaMonte",992,3.2,0,0,0,0,0.197,0.281,0.123,0,5,77.3,4,2193,90.2,90.45,1,11,21,0.20000000000000284,6.35,120,156,111,152,286,319,298
31,649966,"Urías, Luis",1974,1.6,0.4,0.6,0.333,1,0.613,0.473,0.319,2,5,85.4,15,2242,90.8,90.48,1,10,21,-0.29999999999999716,6.11,105,141,111,138,285,309,285
31,543305,"Hicks, Aaron",2017,1.5,0,0,0,0,0.275,0.575,0.252,0,3,103,28,2209,90.9,90.97,2,16,15,0.09999999999999432,6.35,121,176,123,153,287,329,292
30,640492,"Azocar, José",768,3.9,0.5,0.167,0.6,0.667,0.531,0.512,0.506,3,6,89.8,14.8,2285,91.1,91.55,1,12,18,0.5,6.69,106,150,112,147,291,309,285
30,624431,"Trevino, Jose",1259,2.4,0.429,0,0.6,0.429,0.379,0.213,0.224,3,7,84.5,28,2401,90.3,90.4,6,16,14,0.10000000000000853,6.36,103,137,107,137,294,310,275
29,596847,"Choi, Ji Man",1840,1.6,0.5,0.5,1,1,0.66,0.646,0.316,1,2,102.1,29,2319,90.9,90.53,1,9,20,-0.4000000000000057,6.26,107,159,122,151,293,325,304
29,572816,"Dickerson, Corey",1083,2.7,0.2,0,0.5,0.2,0.262,0.212,0.127,1,5,77.2,-36,2299,90.5,91.26,6,19,10,0.7999999999999972,6.75,110,142,108,138,281,314,297
29,641553,"Engel, Adam",992,2.9,0.143,0,0.2,0.143,0.197,0.272,0.212,1,7,89.5,18.2,2352,88.7,88.45,6,14,15,-0.29999999999999716,6.16,109,150,111,147,301,326,289
29,650490,"Díaz, Yandy",2157,1.3,0,0,0,0,0,0.092,0.088,0,7,97.5,16,2270,91.2,90.84,2,11,18,-0.4000000000000057,6.27,106,145,122,148,299,322,287
28,595909,"Cave, Jake",710,3.9,0.167,0,0.25,0.167,0.147,0.268,0.271,1,6,79.2,1.8,2458,90.5,90.04,7,18,10,-0.5,6.03,120,148,113,151,287,312,289
28,405395,"Pujols, Albert",1385,2,0.2,0.6,0,0.8,0.399,0.439,0.162,1,5,100.9,31.3,2326,88.7,88.14,8,17,11,-0.6000000000000085,5.9,101,145,120,137,301,324,296
28,624428,"Frazier, Adam",2191,1.3,0.125,0,0.143,0.125,0.175,0.369,0.342,1,8,88.7,20,2311,91.6,91.99,4,16,12,0.4000000000000057,6.46,101,130,101,134,278,315,295
27,444482,"Peralta, David",1830,1.5,0,0,0,0,0,0.183,0.229,0,6,93.3,-2.2,2376,92.2,91.86,3,13,14,-0.29999999999999716,6.29,115,145,104,148,294,323,304
27,543281,"Harrison, Josh",1533,1.8,0.4,0,0.5,0.4,0.409,0.341,0.279,2,5,89.5,-4.3,2306,86.8,86.3,4,15,12,-0.5,6.04,109,150,108,147,292,322,283
26,676369,"Velázquez, Nelson",810,3.2,0,0,0,0,0.115,0.343,0.17,0,5,87.6,42,2193,85.7,85.73,5,10,16,0,6.31,106,150,118,146,301,322,293
26,608701,"Refsnyder, Rob",732,3.6,0,0,0,0,0.344,0.346,0.003,0,2,73.9,64,2284,94.4,94.43,3,10,16,0,6.32,115,149,122,149,287,319,289
26,594777,"Calhoun, Kole",1700,1.5,0.5,0.25,1,0.75,0.592,0.48,0.363,2,4,105,11.5,2242,89.7,89.76,6,12,14,0.09999999999999432,6.38,109,156,110,146,292,309,290
26,641680,"Heim, Jonah",1759,1.5,0,0,0,0,0.23,0.323,0.114,0,4,95.6,1.5,2262,90.8,90.84,4,12,14,0,6.41,106,146,116,145,293,329,294
25,670770,"Friedl, TJ",996,2.5,0.714,0.429,0.714,1.143,0.788,0.228,0.235,5,7,73.7,10.3,2443,89.4,89.06,2,13,12,-0.30000000000001137,6.18,113,135,94,139,279,313,290
25,624503,"Gordon, Nick",1550,1.6,0.167,0,0.333,0.167,0.147,0.066,0.072,1,6,85.6,12,2216,90,90.49,6,13,12,0.5,6.58,97,132,105,135,292,320,298
25,543939,"Wong, Kolten",2049,1.2,0.25,0.25,0.286,0.5,0.356,0.34,0.274,2,8,82.7,11.1,2185,89.9,90.04,2,11,14,0.09999999999999432,6.32,111,149,106,151,285,307,294
25,624512,"McGuire, Reese",967,2.6,0.2,0,1,0.2,0.177,0.037,0.04,1,5,50.7,-68,2172,89.6,90,3,10,15,0.4000000000000057,6.5,111,149,112,147,280,312,298
25,647351,"Toro, Abraham",1340,1.9,0.286,0.429,0.2,0.714,0.456,0.389,0.283,2,7,93.8,18.7,2477,88.2,87.76,3,11,14,-0.4000000000000057,5.94,106,156,119,148,289,320,296
25,542364,"Ortega, Rafael",1517,1.6,0.333,0,0.5,0.333,0.452,0.383,0.192,1,3,100.5,-17.5,2203,86.9,86.72,3,11,14,-0.20000000000000284,6.06,115,152,107,146,290,320,293
25,665120,"Walsh, Jared",1746,1.4,0,0,0,0,0.138,0.269,0.172,0,4,82.9,6,2377,91.3,91.35,5,11,14,0.10000000000000853,6.57,123,170,125,155,293,331,303
24,640461,"Pinder, Chad",1437,1.7,0.333,0,0.5,0.333,0.295,0.296,0.306,2,6,89,-7.8,2215,89.8,89.59,6,13,11,-0.20000000000000284,6.19,115,152,116,148,298,318,295
24,519390,"Vogt, Stephen",714,3.4,0.167,0,0.25,0.167,0.126,0.117,0.135,1,6,93.9,18,2328,91.5,91.08,6,13,11,-0.4000000000000057,6.23,113,164,112,148,286,318,300
24,624415,"Biggio, Cavan",1282,1.9,0.167,0,0.2,0.167,0.147,0.225,0.211,1,6,77.9,19.4,2137,94.2,94.5,2,11,13,0.29999999999999716,6.5,111,158,109,151,290,326,295
24,641658,"Hampson, Garrett",886,2.7,0,0,0,0,0.138,0.195,0.061,0,4,81.9,-4,2141,88.7,89.36,2,8,16,0.7000000000000028,6.45,113,151,106,148,308,325,295
24,621563,"Wendle, Joey",1281,1.9,0.429,0.143,0.429,0.571,0.465,0.584,0.543,3,7,96.1,11.7,2313,88.5,87.95,1,10,14,-0.5999999999999943,6.14,101,142,97,147,291,315,293
24,650402,"Torres, Gleyber",2226,1.1,0.333,0,0.5,0.333,0.315,0.286,0.146,1,3,95.5,24.5,2505,89.8,90.18,5,12,12,0.4000000000000057,6.5,100,152,118,146,306,326,287
24,669357,"Gorman, Nolan",1317,1.8,0,0,0,0,0.138,0.148,0.007,0,4,100.1,46,2284,84.9,85.03,7,13,11,0.09999999999999432,6.32,119,153,141,163,296,318,300
23,650333,"Arraez, Luis",2413,1,0,0,0,0,0,0.164,0.167,0,5,90.6,-0.5,2340,90.8,90.67,0,9,14,-0.09999999999999432,6.36,117,146,117,146,286,317,301
23,642727,"Alcántara, Sergio",942,2.4,0.167,0.5,0,0.667,0.345,0.07,0.042,1,6,94.1,35.3,2620,90,89.5,5,12,11,-0.5,6.2,119,155,96,153,282,313,300
22,656308,"Chavis, Michael",1524,1.4,0.4,0.2,0.5,0.6,0.358,0.306,0.278,2,5,96.1,10.8,2185,90.2,90.35,5,14,8,0.30000000000001137,6.47,108,148,117,144,306,317,292
22,543543,"Miller, Brad",914,2.4,0.25,0.75,0,1,0.552,0.557,0.277,1,4,102.9,4.5,2298,91.8,91.25,3,8,14,-0.5,6.06,105,142,105,139,290,326,300
22,663457,"Nootbaar, Lars",1389,1.6,0,0,0,0,0.344,0.398,0.196,0,1,97.3,9.5,2308,90.4,91.56,3,7,15,1.1999999999999886,6.95,119,147,104,151,283,314,297
22,467793,"Santana, Carlos",2066,1.1,0,0,0,0,0.344,0.46,0.243,0,3,94.1,22.7,2379,89.1,88.45,2,6,16,-0.6999999999999886,5.93,114,151,103,140,293,318,287
22,676391,"Clement, Ernie",629,3.5,0.333,0,0.333,0.333,0.355,0.466,0.44,2,6,72.7,10.4,2164,86.9,86.92,0,11,11,0,6.32,98,142,103,138,287,306,274
22,662139,"Varsho, Daulton",2321,0.9,0.25,0,0.5,0.25,0.221,0.449,0.391,1,4,87.1,24,2232,87.3,87.37,4,15,7,0.10000000000000853,6.48,109,150,125,152,294,323,305
21,503556,"Gonzalez, Marwin",822,2.6,0,0,0,0,0.172,0.334,0.195,0,3,80.2,6.5,2513,88.9,88.9,1,5,16,0,6.34,114,151,108,150,299,318,289
21,669701,"Smith, Josh H.",1048,2,0.333,0,0.5,0.333,0.393,0.275,0.149,1,3,52.5,-34,2178,90.4,90.7,1,7,14,0.29999999999999716,6.5,117,154,103,150,288,317,294
21,620443,"Torrens, Luis",677,3.1,0.4,0,0.4,0.4,0.354,0.263,0.283,2,5,88.7,21.8,2280,91,91,3,10,11,0,6.32,93,141,107,137,294,322,291
21,670712,"Brosseau, Mike",686,3.1,0.333,0.5,0.5,0.833,0.493,0.29,0.17,2,6,89.2,5,2241,87,86.7,4,11,10,-0.29999999999999716,6.31,107,150,112,147,303,321,292
21,676628,"Contreras, Mark",220,9.5,0,0,0,0,0,0.073,0.08,0,6,78.8,2,2401,89.9,89.94,7,13,8,0,6.3,102,145,108,146,291,311,285
21,644374,"Chang, Yu",762,2.8,0,0,0,0,0,0.075,0.082,0,4,84.6,2,2319,88.2,87.81,8,13,8,-0.4000000000000057,6.12,98,134,104,126,290,299,277
21,621438,"Taylor, Tyrone",1522,1.4,0.2,0,0.25,0.2,0.177,0.339,0.287,1,5,89.3,0.5,2222,89.1,89.18,4,13,8,0.10000000000000853,6.32,91,147,111,139,306,318,288
21,641820,"Mancini, Trey",2368,0.9,0.333,0,0.333,0.333,0.295,0.295,0.307,1,3,94.1,10,2294,86.4,86.1,1,11,10,-0.30000000000001137,6.23,106,155,121,148,297,327,291
20,647304,"Naylor, Josh",1768,1.1,0.75,0,0.75,0.75,0.663,0.754,0.784,3,4,94,10.5,2386,86.2,86.24,0,11,9,0,6.21,95,143,108,146,297,325,298
20,596059,"Odor, Rougned",1761,1.1,0.571,0.429,0.6,1,0.677,0.642,0.464,4,7,87.4,8.5,2212,92.5,92.48,3,11,9,0,6.33,102,140,98,143,299,324,291
20,663611,"Madrigal, Nick",871,2.3,0,0,0,0,0,0.092,0.101,0,3,93.8,-25,2246,87.9,89.19,1,8,12,1.2999999999999972,7.01,104,141,112,145,287,300,274
20,660821,"Sánchez, Jesús",1391,1.4,0.333,0,0.333,0.333,0.393,0.283,0.163,1,3,97,8.3,2397,87.5,86.91,0,12,8,-0.5999999999999943,6.11,117,143,116,147,289,307,291
20,543228,"Gomes, Yan",1006,2,0,0,0,0,0,0.172,0.19,0,5,64.3,-14.7,2297,85.9,85.56,6,13,7,-0.30000000000001137,6.26,102,146,111,141,295,319,285
20,605204,"Davis, J.D.",1486,1.3,0,0,0,0,0.172,0.186,0.019,0,3,87.9,-26,2237,89.3,89.5,0,7,13,0.20000000000000284,6.37,114,150,122,149,311,330,298
20,605137,"Bell, Josh",2505,0.8,0,0,0,0,0.23,0.246,0.026,0,2,70.8,23,2422,89.7,90.38,2,8,12,0.7000000000000028,6.69,127,171,144,153,299,333,314
19,623912,"Ramírez, Harold",1578,1.2,0.167,0,0.167,0.167,0.147,0.315,0.337,1,6,92.8,-4,2406,90.4,89.96,1,12,7,-0.4000000000000057,6.17,109,143,109,140,299,317,281
19,677950,"Thomas, Alek",1483,1.3,0.333,0.333,0.5,0.667,0.488,0.349,0.251,1,3,99.4,-7,2410,91.5,91.91,1,8,11,0.4000000000000057,6.46,124,150,110,155,299,319,307
19,500743,"Rojas, Miguel",1816,1,0.25,0,0.25,0.25,0.221,0.45,0.405,1,4,89.1,9.5,2234,89.3,89.57,1,10,9,0.29999999999999716,6.42,112,149,122,149,299,315,285
19,541645,"García, Avisaíl",1367,1.4,1,0,0.75,1,0.663,0.26,0.326,3,3,90.3,2,2371,93,93.14,3,11,8,0.09999999999999432,6.07,107,151,126,144,312,328,295
19,666185,"Carlson, Dylan",1964,1,0.8,0,1,0.8,0.707,0.548,0.587,4,5,88.9,14.7,2326,90.5,90.66,3,10,9,0.20000000000000284,6.37,109,150,111,148,309,321,293
18,672386,"Kirk, Alejandro",2200,0.8,1,0,1,1,0.754,0.762,0.914,1,1,91.9,15,2094,87.1,87.56,0,4,14,0.5,6.72,108,147,116,148,298,327,291
18,488771,"Castro, Jason",369,4.9,0,0,0,0,0.172,0.203,0.045,0,3,98.1,-16,2305,86.6,86.66,2,7,11,0.10000000000000853,6.42,110,157,105,147,287,322,292
18,669374,"Hiura, Keston",1146,1.6,0.25,0.75,0,1,0.518,0.327,0.22,1,4,97.5,-0.5,2354,90.5,90.61,3,12,6,0.09999999999999432,6.29,97,147,107,146,307,329,292
18,622110,"Duffy, Matt",934,1.9,0.2,0,0.25,0.2,0.267,0.379,0.319,1,5,85.2,24.8,2342,89.1,89.48,2,7,11,0.4000000000000057,6.62,112,150,107,149,301,315,288
18,656775,"Mullins, Cedric",2460,0.7,0,0,0,0,0,0.142,0.032,0,4,88.5,28.5,2369,90.8,91.04,3,12,6,0.20000000000000284,6.57,110,153,96,151,298,325,295
18,571912,"Maile, Luke",821,2.2,0,0,0,0,0.138,0.146,0.003,0,3,83.4,52,2650,89.4,88.75,2,8,10,-0.7000000000000028,5.78,99,137,106,134,284,302,275
18,596129,"Vogelbach, Daniel",2102,0.9,0,0,0,0,0,0.198,0.21,0,4,74,13.5,2418,92.5,92.44,1,4,14,-0.09999999999999432,6.27,111,144,120,157,294,318,297
18,670623,"Paredes, Isaac",1617,1.1,0,0,0,0,0.172,0.219,0.062,0,3,82.4,26,2361,87.2,87.24,2,5,13,0,6.43,105,144,117,146,308,334,293
17,663630,"McKenna, Ryan",597,2.8,0,0,0,0,0,0.254,0.14,0,4,79.8,1.5,2139,86.8,86.86,4,9,8,0.10000000000000853,6.39,107,147,117,145,307,316,276
17,664983,"McCarthy, Jake",1263,1.3,0.25,0,0.5,0.25,0.321,0.295,0.184,1,4,80.2,42,2452,91.1,91.89,7,10,7,0.8000000000000114,6.89,122,153,101,153,294,317,304
17,571980,"Naquin, Tyler",1261,1.3,0,0,0,0,0,0.037,0.038,0,4,91.3,-29.5,2145,93.6,93.98,3,9,8,0.4000000000000057,6.66,107,157,100,148,292,324,298
17,656695,"Matijevic, J.J.",274,6.2,0.2,0,0.5,0.2,0.177,0.1,0.106,1,5,74.5,17.5,2223,90.5,91.14,4,8,9,0.5999999999999943,6.72,103,154,106,149,289,320,295
17,600474,"Severino, Pedro",95,17.9,0.5,0.5,1,1,0.65,0.274,0.07,1,2,90.3,-12,2327,90,90.06,2,10,7,0.09999999999999432,6.3,101,153,121,151,297,322,285
17,663845,"Rivas, Alfonso",1208,1.4,0.25,0,0.2,0.25,0.177,0.313,0.313,1,4,92.1,9.8,2233,86.5,86.03,0,9,8,-0.5,6.05,106,135,97,137,288,315,298
17,663837,"Vierling, Matt",1404,1.2,0.667,1.333,1,2,1.111,0.686,0.349,2,3,98.3,27.5,2296,90.9,91.18,2,7,10,0.29999999999999716,6.56,113,155,115,150,300,323,288
17,656669,"Luplow, Jordan",1006,1.7,0,0,,0,0,0,,0,4,,,2220,89.8,89.93,5,7,10,0.10000000000000853,6.46,106,155,121,148,301,323,295
17,519203,"Rizzo, Anthony",2112,0.8,0.333,0,0.5,0.333,0.295,0.199,0.213,1,3,102.7,-8,2063,91.1,91.32,3,9,8,0.20000000000000284,6.81,120,174,117,160,293,322,300
17,598265,"Bradley Jr., Jackie",1387,1.2,0,0,0,0,0.172,0.358,0.27,0,3,95.7,0.5,2164,87,87.22,4,8,9,0.20000000000000284,6.52,105,132,107,144,290,325,298
16,545358,"Stassi, Max",1436,1.1,0,0,0,0,0,0.195,0.215,0,3,81.5,1.7,2199,86.4,86.24,5,8,8,-0.20000000000000284,6.19,116,151,116,148,305,318,289
16,605119,"Anderson, Brian",1543,1,0.333,0,0.5,0.333,0.295,0.177,0.194,1,3,89.6,-11.5,2078,92.7,93.22,4,10,6,0.5,6.58,108,149,113,141,302,314,300
16,572204,"Thompson, Trayce",1138,1.4,0,0,0,0,0,0.051,0.056,0,4,73.5,5,2608,88.3,88.24,5,11,5,-0.09999999999999432,6.29,111,141,112,138,311,319,292
16,670351,"Rojas, Jose",228,7,0,0,0,0,0,0.156,0.154,0,3,85.2,37.5,2127,91.4,91.14,1,9,7,-0.30000000000001137,6.2,120,173,114,153,296,321,305
16,676801,"McCormick, Chas",1584,1,0.25,0.25,0.5,0.5,0.315,0.232,0.232,1,4,91.1,23.5,2513,88.6,88.16,3,8,8,-0.3999999999999915,6.13,114,154,107,147,295,322,294
16,657041,"Thomas, Lane",2204,0.7,0.25,0.25,0.25,0.5,0.315,0.341,0.34,1,4,76.2,-19.5,2350,85.5,85.61,2,9,7,0.09999999999999432,6.3,113,152,110,151,316,319,288
16,596146,"Kepler, Max",1656,1,0.5,0.25,0.667,0.75,0.536,0.402,0.42,2,4,78.2,-4,2273,90.7,90.5,1,8,8,-0.20000000000000284,6.18,94,148,118,148,300,325,301
16,642133,"Tellez, Rowdy",2392,0.7,0,0,0,0,0,0.386,0.398,0,5,91.7,17.5,2232,89.4,89.31,2,7,9,-0.10000000000000853,6.34,112,147,158,151,291,324,300
16,641779,"Leblanc, Charles",699,2.3,0,0,0,0,0,0.123,0.091,0,2,86.9,34,2107,88.9,88.76,0,8,8,-0.10000000000000853,6.23,115,153,118,147,300,315,274
15,621493,"Ward, Taylor",2297,0.7,1,1.5,1,2.5,1.215,1.092,0.808,2,2,92,26,2074,89.9,91.07,1,5,10,1.1999999999999886,7.06,114,152,124,149,302,321,290
15,545341,"Grichuk, Randal",1977,0.8,0,0,0,0,0.172,0.27,0.128,0,3,94.4,-0.5,2176,93.4,93.53,3,7,8,0.09999999999999432,6.37,114,153,122,147,305,323,296
15,606157,"Aquino, Aristides",1092,1.4,0.25,0,0.333,0.25,0.221,0.526,0.353,1,4,88.2,-4.7,2195,90.2,89.88,2,9,6,-0.29999999999999716,6.17,95,145,118,143,289,322,294
15,572761,"Carpenter, Matt",723,2.1,0,0,0,0,0.172,0.442,0.187,0,3,100.6,31,2213,87.7,75.29,3,4,11,-12.400000000000006,6.59,123,164,117,152,303,327,291
15,664702,"Straw, Myles",2360,0.6,0.25,0,0.5,0.25,0.221,0.344,0.354,1,4,85.6,21,2324,89.7,89.84,2,6,9,0.09999999999999432,6.37,94,132,101,131,262,286,277
15,660644,"Bruján, Vidal",612,2.5,0,0,0,0,0,0.21,0.213,0,3,87.5,49.5,2069,86.6,85.73,1,8,7,-0.8999999999999915,5.93,107,154,107,150,309,329,286
15,658668,"Olivares, Edward",689,2.2,1,0.5,1,1.5,0.955,0.512,0.379,2,2,84.6,31,2624,84,83.09,1,10,5,-0.9000000000000057,5.8,112,150,110,145,296,320,290
15,672284,"Kelenic, Jarred",699,2.1,0,0,0,0,0.23,0.25,0.03,0,2,74.6,-14,2022,92.7,92.4,4,8,7,-0.29999999999999716,6.23,117,137,107,143,279,307,255
15,642165,"VanMeter, Josh",804,1.9,0.333,0,0.5,0.333,0.295,0.173,0.192,1,3,81.1,2,2410,90.7,90.73,2,7,8,0,6.33,112,132,112,139,286,312,295
15,664059,"Haggerty, Sam",735,2,0.25,0.75,0,1,0.518,0.453,0.259,1,4,93.3,20.7,2280,92,92.33,0,7,8,0.29999999999999716,6.51,105,140,93,140,290,316,291
15,546318,"Herrera, Odúbel",737,2,0.2,0,0.2,0.2,0.177,0.153,0.165,1,5,55.7,-38.4,2028,86.3,85.63,2,12,3,-0.7000000000000028,6.11,92,146,108,147,287,324,289
15,543063,"Crawford, Brandon",1720,0.9,0,0,0,0,0.172,0.173,0.001,0,3,91.2,67,2383,91.4,91.99,4,7,8,0.5999999999999943,6.59,103,147,106,148,291,323,301
14,649557,"Díaz, Aledmys",1178,1.2,0.333,0,0.5,0.333,0.295,0.142,0.149,1,3,98.5,21,2197,88,87.71,1,7,7,-0.29999999999999716,6.36,107,150,117,144,293,325,288
14,553869,"Díaz, Elias",1445,1,0,0,0,0,0,0.04,0.041,0,3,76,-20,2558,89.7,90.97,4,8,6,1.2999999999999972,6.72,105,153,118,149,302,324,294
14,519317,"Stanton, Giancarlo",1841,0.8,0,0,,0,0,0,,0,2,,,2336,93.2,93.25,4,8,6,0.09999999999999432,6.48,96,154,129,153,300,340,286
14,669450,"Hummel, Cooper",819,1.7,0,0,0,0,0.23,0.285,0.091,0,2,87.7,-11,2087,90,89.29,0,3,11,-0.7000000000000028,6.05,115,153,112,150,304,313,292
14,641511,"Delay, Jason",653,2.1,0.5,0,1,0.5,0.524,0.256,0.043,1,2,91.9,-35,2355,95,94.67,2,6,8,-0.20000000000000284,6.14,97,148,118,147,297,316,288
14,614173,"Cordero, Franchy",1091,1.3,0,0,0,0,0,0.06,0.063,0,4,83.7,-10,2174,91.9,92.49,6,10,4,0.5999999999999943,6.62,105,142,103,137,269,243,303
14,621433,"Phillips, Brett",982,1.4,0,0,0,0,0,0.041,0.027,0,3,91.4,30,2350,84.8,84.01,3,5,9,-0.7999999999999972,5.91,125,149,111,155,301,329,292
14,678246,"Vargas, Miguel",202,6.9,0,0,0,0,0,0.161,0.126,0,3,87.5,39.5,2127,90.2,90.24,4,7,7,0,6.19,97,153,118,144,304,322,286
14,640449,"Frazier, Clint",168,8.3,0.25,0.25,0.333,0.5,0.315,0.176,0.172,1,4,89.3,49.7,1909,88.8,88.27,3,7,7,-0.5,6.06,101,132,104,125,277,306,285
14,453568,"Blackmon, Charlie",2085,0.7,0.667,1,1,1.667,0.985,0.893,0.567,2,3,101.6,23.5,2086,92.4,92.95,3,9,5,0.5,6.46,105,128,100,133,290,322,295
14,669257,"Smith, Will",2373,0.6,0.5,0,0.5,0.5,0.524,0.572,0.373,1,2,90.3,26,2570,95.5,95.45,3,6,8,-0.09999999999999432,6.38,107,136,106,125,288,222,282
14,542340,"Villar, Jonathan",877,1.6,,,,,0.689,0.689,,0,0,,,2241,93,93.17,2,6,8,0.20000000000000284,6.41,99,148,108,148,297,328,298
14,592696,"Rosario, Eddie",1010,1.4,0,0,0,0,0.172,0.26,0.127,0,3,79.1,-11,2154,93,93.48,3,6,8,0.5,6.54,99,169,117,153,301,328,302
14,606132,"Tapia, Raimel",1578,0.9,0.333,0,0.5,0.333,0.295,0.258,0.28,1,3,86.7,-2,2239,94.5,94.3,4,9,5,-0.20000000000000284,6.34,106,143,104,144,281,322,303
14,593643,"Alberto, Hanser",521,2.7,0.5,0,0.5,0.5,0.442,0.472,0.486,3,6,80.5,11.8,2295,84.7,84.61,2,9,5,-0.10000000000000853,6.34,102,145,106,143,297,319,290
14,641355,"Bellinger, Cody",2301,0.6,0,0,0,0,0,0.104,0.104,0,3,97.3,17,2223,89.8,89.88,2,10,4,0.10000000000000853,6.48,100,147,121,149,303,331,305
13,642851,"Wynns, Austin",703,1.8,0,0,0,0,0,0.099,0.11,0,3,85,15.5,2243,86.5,86.71,2,6,7,0.20000000000000284,6.55,117,152,114,148,296,312,278
13,605612,"Castro, Harold",1660,0.8,0.5,0,0.667,0.5,0.442,0.16,0.161,2,4,79.4,0.5,2262,89.9,89.87,1,9,4,0,6.35,116,153,104,153,275,321,289
13,666176,"Adell, Jo",1175,1.1,0,0,0,0,0.23,0.23,0,0,2,56,65,2360,88.6,88.32,2,5,8,-0.29999999999999716,6.26,110,154,118,150,298,319,291
13,622761,"Mateo, Jorge",1982,0.7,0,0,0,0,0,0.204,0.213,0,3,100.9,5,2270,86.8,87.46,5,8,5,0.7000000000000028,6.81,105,144,107,143,292,320,290
13,641584,"Fraley, Jake",985,1.3,0,0,0,0,0,0.124,0.136,0,3,87.1,-5,2409,89.1,88.69,2,6,7,-0.3999999999999915,5.98,104,131,102,135,227,294,289
13,642423,"Sierra, Magneuris",346,3.8,0.333,0,1,0.333,0.295,0.09,0.097,1,3,57.7,-68.5,2274,90.1,90.07,2,8,5,0,6.43,88,133,84,143,275,308,291
13,673490,"Kim, Ha-Seong",2359,0.6,0,0,0,0,0,0.099,0.109,0,3,76.5,29.5,2004,90.6,90.05,2,8,5,-0.5,6.14,91,137,110,132,290,312,290
13,514917,"Hernández, César",2368,0.5,0,0,0,0,0.344,0.472,0.275,0,1,87.6,0,2372,86.6,86.07,1,6,7,-0.5,5.93,102,117,95,127,271,292,277
13,656811,"O'Hearn, Ryan",547,2.4,0.333,0.333,0.333,0.667,0.488,0.25,0.112,1,3,80.1,8,2141,89.4,89.5,1,4,9,0.09999999999999432,6.28,97,129,101,137,296,314,296
13,608385,"Winker, Jesse",2229,0.6,0.667,0,0.667,0.667,0.589,0.696,0.721,2,3,80.4,22.7,2129,90.1,89.75,2,8,5,-0.29999999999999716,6.02,123,152,129,163,292,325,304
13,660688,"Ruiz, Keibert",1538,0.8,0.333,0,0.5,0.333,0.393,0.248,0.112,1,3,94.1,32,2326,88.1,87.55,2,5,8,-0.5999999999999943,5.78,108,155,121,149,294,307,291
12,621453,"Duggar, Steven",328,3.7,0,0,0,0,0,0.017,0.01,0,3,98.7,44,2111,88.8,88.13,3,7,5,-0.7000000000000028,5.72,117,145,93,153,282,314,290
12,642336,"Mejía, Francisco",1094,1.1,0,0,0,0,0,0.179,0.134,0,3,85.1,34.3,2074,87.6,87.3,1,8,4,-0.29999999999999716,6.32,115,144,103,146,287,315,292
12,643524,"Schwindel, Frank",1138,1.1,0,0,0,0,0,0.611,0.43,0,3,96.4,-0.3,2190,92.8,92.05,0,8,4,-0.7000000000000028,6.05,108,136,113,133,288,315,277
12,660636,"Castillo, Diego",1149,1,0,0,0,0,0,0.016,0.017,0,3,79.8,-32,2285,88.5,89.38,4,7,5,0.9000000000000057,6.78,101,152,117,149,305,317,283
12,642721,"Gutiérrez, Kelvin",133,9,0,0,,0,0.344,0.344,,0,1,,,2699,86.5,86.07,3,5,7,-0.4000000000000057,6.08,104,144,111,146,313,323,281
12,645801,"Ford, Mike",623,1.9,0,0,0,0,0.344,0.369,0.051,0,1,93,-25,2083,91.7,92.32,2,6,6,0.5999999999999943,6.59,101,162,142,150,297,327,306
12,595751,"Alfaro, Jorge",1008,1.2,0.5,0,0.5,0.5,0.524,0.61,0.415,1,2,91.8,13.5,2307,92.2,92.83,1,5,7,0.5999999999999943,6.85,116,148,113,142,295,314,282
12,681082,"Stott, Bryson",1877,0.6,0.25,0.25,0.25,0.5,0.315,0.142,0.141,1,4,78.2,17.5,2233,86.8,86.86,2,7,5,0.10000000000000853,6.39,114,148,111,151,280,326,297
12,605353,"Machín, Vimael",1002,1.2,0.667,0.333,1,1,0.715,0.327,0.351,2,3,97.8,5.5,1973,89.5,89.93,2,6,6,0.5,6.52,97,142,101,146,284,318,303
12,474832,"Belt, Brandon",1194,1,0.333,0,0.5,0.333,0.295,0.125,0.128,1,3,72,37,2288,92.2,93.07,2,8,4,0.8999999999999915,6.65,114,168,129,144,291,318,301
12,435559,"Suzuki, Kurt",593,2,,,,,0.689,0.689,,0,0,,,2402,86.8,87.07,0,3,9,0.29999999999999716,6.78,109,154,119,149,285,313,288
12,666624,"Morel, Christopher",1648,0.7,0.333,0,0.5,0.333,0.295,0.662,0.447,1,3,80.6,1.3,2259,91.1,91.22,4,7,5,0.10000000000000853,6.46,97,147,109,144,303,322,294
12,665482,"Celestino, Gilberto",1384,0.9,0,0,0,0,0,0.426,0.424,0,4,97.9,-5.3,2288,91.3,91.75,0,5,7,0.5,6.51,107,145,108,145,301,319,290
12,650859,"Rengifo, Luis",1818,0.7,0,0,0,0,0,0.257,0.282,0,2,70.6,5,2323,87.3,86.9,2,5,7,-0.3999999999999915,6.25,89,144,114,139,290,322,290
12,571970,"Muncy, Max",2436,0.5,0,0,0,0,0.344,0.365,0.023,0,1,102.9,53,2299,91.7,91.39,2,5,7,-0.29999999999999716,6.06,115,135,107,142,298,319,309
12,614177,"Reyes, Franmil",1853,0.6,0,0,0,0,0.23,0.243,0.017,0,2,80.6,48,2483,88.5,88.72,2,4,8,0.20000000000000284,6.45,101,146,120,141,306,328,297
12,665019,"Clemens, Kody",509,2.4,0.667,0.333,0.667,1,0.715,0.628,0.634,2,3,84,25.7,2167,85.7,85.02,1,8,4,-0.7000000000000028,5.91,96,151,110,148,287,322,297
11,642136,"Thaiss, Matt",324,3.4,0,0,0,0,0.344,0.477,0.295,0,1,100.5,-3,2019,91.5,91.35,3,4,7,-0.20000000000000284,6.26,109,140,105,131,297,324,303
11,605141,"Betts, Mookie",2428,0.5,0.5,0,1,0.5,0.442,0.289,0.293,1,2,99.2,16,2208,88.6,88.95,1,4,7,0.30000000000001137,6.58,108,137,118,132,298,314,291
11,592567,"Moran, Colin",530,2.1,0.5,0,1,0.5,0.524,0.344,,1,2,,-75,2422,91.6,91.46,1,5,6,-0.09999999999999432,6.32,128,173,128,155,269,308,295
11,669242,"Edman, Tommy",2328,0.5,0,0,0,0,0,0.03,0.026,0,3,86,49,2275,95.6,95.89,2,8,3,0.30000000000001137,6.55,87,143,103,143,315,321,295
11,543592,"Nola, Austin",1522,0.7,0,0,0,0,0,0.015,0.015,0,3,85,-29,2310,90.2,90.15,2,6,5,-0.10000000000000853,6.32,104,150,118,144,299,319,292
11,669742,"Hall, Darick",543,2,0,0,0,0,0,0.038,0.039,0,3,89.1,13.5,2218,94.4,95.04,3,6,5,0.5999999999999943,6.69,112,161,120,154,292,325,305
11,643393,"Kemp, Tony",2047,0.5,0.2,0,0.25,0.2,0.177,0.166,0.181,1,5,83.2,-4,2423,91.5,91.35,1,6,5,-0.09999999999999432,6.19,106,138,93,146,275,309,288
11,667670,"Rooker, Brent",142,7.7,0,0,0,0,0,0.313,0.204,0,3,99.3,38,2232,85.5,85.55,2,6,5,0.09999999999999432,6.42,95,138,112,132,304,326,300
11,572191,"Taylor, Michael A.",1717,0.6,0.667,1,1,1.667,0.985,0.847,0.572,2,3,103.6,20,2206,82.5,82.45,3,6,5,-0.09999999999999432,6.35,105,153,105,149,311,324,291
11,623205,"Velazquez, Andrew",1320,0.8,0,0,0,0,0,0.059,0.064,0,2,95,-30,2523,84.2,83.65,1,3,8,-0.5,6.16,108,153,106,151,290,318,293
11,643396,"Kiner-Falefa, Isiah",1940,0.6,0,0,0,0,0,0.084,0.09,0,3,82,-19.5,2174,85.4,86.17,2,6,5,0.7999999999999972,6.05,114,151,115,150,304,315,276
10,666158,"Lux, Gavin",1844,0.5,0.333,0,0.5,0.333,0.295,0.172,0.173,1,3,97.4,13,2277,90,89.92,1,5,5,-0.09999999999999432,6.25,123,147,101,150,293,316,306
10,621028,"Newman, Kevin",1080,0.9,0,0,0,0,0,0.003,0.003,0,3,77.8,64,2303,92.5,93.7,3,5,5,1.2000000000000028,6.99,109,139,113,137,294,297,269
10,622168,"Muñoz, Yairo",208,4.8,0,0,,0,0.344,0.344,,0,1,,,2486,89.8,89.27,2,4,6,-0.5,5.93,112,148,116,144,291,303,280
10,663743,"Fortes, Nick",850,1.2,0.25,0,0.25,0.25,0.221,0.305,0.313,1,4,81.5,36.8,2502,92.9,92.89,0,6,4,0,6.06,109,147,111,145,307,322,283
10,519222,"Romine, Austin",516,1.9,0,0,0,0,0,0.114,0.123,0,4,88.9,11.5,2333,96,96.62,1,5,5,0.5999999999999943,6.55,120,149,122,147,288,312,285
10,668227,"Arozarena, Randy",2527,0.4,0,0,,0,0,0,,0,2,,,2354,90.2,89.71,2,5,5,-0.5,6.04,115,155,118,147,318,319,292
10,621532,"Bemboom, Anthony",244,4.1,0,0,0,0,0.344,0.351,0.014,0,1,90.1,38,2143,90.9,90.14,1,3,7,-0.7000000000000028,5.9,123,156,127,133,299,314,290
10,664913,"Brown, Seth",2198,0.5,0.333,0.333,0.333,0.667,0.42,0.296,0.273,1,3,85.8,0,2215,88.6,87.62,0,4,6,-1,5.63,117,219,113,156,285,323,312
10,596115,"Story, Trevor",1575,0.6,0,0,0,0,0,0.63,0.369,0,2,75.3,-26,2278,89,89.38,0,5,5,0.4000000000000057,6.5,102,151,118,146,304,325,292
10,600303,"La Stella, Tommy",794,1.3,0,0,0,0,0.344,0.393,0.108,0,1,82.9,-10,1952,93.3,93.44,1,3,7,0.10000000000000853,6.61,120,146,111,149,281,324,293
10,666018,"Aranda, Jonathan",334,3,0.333,0,1,0.333,0.295,0.077,0.086,1,3,103.3,-8,2312,92.2,91.32,4,5,5,-0.9000000000000057,5.93,120,148,98,144,280,305,291
10,668709,"Bleday, JJ",1029,1,0,0,0,0,0,0.019,0.015,0,2,86,59,2261,89,90.23,2,6,4,1.2000000000000028,7.02,125,152,111,148,293,318,302
10,643376,"Jansen, Danny",961,1,0,0,0,0,0.344,0.585,0.451,0,1,99.5,17,2320,88,87.12,1,4,6,-0.9000000000000057,5.98,95,150,114,143,299,327,284
10,595978,"Hedges, Austin",1274,0.8,0,0,0,0,0,0.073,0.081,0,2,82.9,-17,2580,85,85.03,0,4,6,0,6.41,94,132,97,119,264,288,268
10,664023,"Happ, Ian",2572,0.4,0.5,0,1,0.5,0.442,0.064,0.069,1,2,65.1,-41,1872,93.8,93.69,2,5,5,-0.09999999999999432,6.28,119,151,135,153,302,322,304
10,650559,"De La Cruz, Bryan",1387,0.7,0.333,0,0.333,0.333,0.295,0.116,0.126,1,3,69.6,-0.3,2369,86.7,85.78,1,7,3,-0.9000000000000057,5.94,105,153,120,147,304,322,284
10,663757,"Grisham, Trent",2219,0.5,0,0,0,0,0,0.005,0.004,0,2,48.3,6.3,1986,92.3,92.54,3,8,2,0.20000000000000284,6.49,97,148,94,147,287,321,301
10,656582,"Joe, Connor",1900,0.5,0,0,0,0,0,0.011,0.009,0,3,74.5,54.5,2073,89,88.88,1,5,5,-0.09999999999999432,6.1,98,151,118,148,311,330,303
10,669289,"Espinal, Santiago",1912,0.5,0.5,0.5,0.5,1,0.631,0.4,0.359,2,4,81.3,16.5,2139,91.2,91.16,0,6,4,0,6.34,88,155,119,150,304,323,294
10,543807,"Springer, George",2175,0.5,0.667,0,0.667,0.667,0.589,0.533,0.55,2,3,90.1,3.7,2753,86.6,84.67,0,6,4,-1.8999999999999915,5.09,109,152,123,145,310,331,300
9,641786,"Lewis, Kyle",263,3.4,0,0,0,0,0.344,0.347,0.006,0,1,70.9,76,2347,92.9,92.9,2,3,6,0,6.2,117,157,118,147,295,320,286
9,516416,"Segura, Jean",1406,0.6,1,3,,4,2.072,1.087,0.754,1,1,108.3,19,2414,84.8,85.34,0,5,4,0.5,6.77,116,152,103,150,296,324,286
9,643446,"McNeil, Jeff",2065,0.4,0,0,0,0,0,0.06,0.063,0,2,83.3,25,2520,84.1,83.84,0,5,4,-0.29999999999999716,6.38,100,121,89,127,281,307,297
9,643265,"Cooper, Garrett",1861,0.5,0.5,0,0.5,0.5,0.442,0.471,0.504,1,2,63.3,7,2076,85.9,86.09,1,4,5,0.19999999999998863,6.56,96,124,91,119,288,301,267
9,663897,"Williams, Luke",540,1.7,0,0,0,0,0,0.087,0.088,0,2,64.7,16,2449,91.2,91.49,0,3,6,0.29999999999999716,6.53,116,152,109,146,306,318,285
9,650339,"Palacios, Jermaine",303,3,0,0,0,0,0,0.301,0.329,0,2,88.3,11,2385,83.1,83.17,4,6,3,0.10000000000000853,6.58,97,149,103,143,296,312,272
9,621035,"Taylor, Chris",1980,0.5,1,0.5,1,1.5,0.945,0.502,0.351,2,2,69.1,13,2430,86.9,86.68,0,2,7,-0.20000000000000284,6.32,95,135,101,133,301,322,292
9,501659,"Almonte, Abraham",152,5.9,0,0,0,0,0,0.067,0.05,0,3,92.7,27,2024,88.4,88.42,1,3,6,0,6.32,119,148,106,149,277,321,291
9,669304,"Miranda, Jose",1812,0.5,0.333,0,0.333,0.333,0.295,0.425,0.33,1,3,99.9,30.7,2209,93,93.58,0,5,4,0.5999999999999943,6.59,96,140,107,135,277,302,275
9,665828,"Cabrera, Oswaldo",716,1.3,0,0,0,0,0,0.033,0.035,0,3,79.1,25.3,1776,83,82.56,1,7,2,-0.4000000000000057,6.18,101,152,111,145,308,322,293
9,641933,"O'Neill, Tyler",1594,0.6,0.333,1,0,1.333,0.691,0.675,0.471,1,3,103.7,19.5,2488,88.5,87.88,1,4,5,-0.5999999999999943,5.91,103,154,123,148,318,333,307
9,669261,"Suwinski, Jack",1572,0.6,0,0,0,0,0.23,0.29,0.098,0,2,67,36,2229,89.3,89.92,1,3,6,0.6000000000000085,6.66,124,154,98,148,298,321,286
9,669016,"Marsh, Brandon",1807,0.5,0,0,,0,0.344,0.344,,0,1,,,2212,92.7,91.94,2,4,5,-0.7999999999999972,6,128,159,113,154,295,328,295
9,641645,"Guillorme, Luis",1373,0.7,0.333,0,0.333,0.333,0.295,0.253,0.265,1,3,67.3,-40.3,2069,94.5,94.48,0,4,5,0,6.34,109,144,100,147,270,312,297
9,518595,"d'Arnaud, Travis",1633,0.6,0.333,0,0.333,0.333,0.295,0.141,0.155,1,3,77.7,-7.3,2453,90.6,90.72,1,4,5,0.10000000000000853,6.2,101,118,97,109,280,288,181
9,668939,"Rutschman, Adley",2009,0.4,,,0,,0.344,0.37,,0,0,77.5,38,2242,91.5,91.42,0,2,7,-0.09999999999999432,6.4,89,114,90,111,288,316,293
9,602074,"Daza, Yonathan",1536,0.6,0.5,0.25,0.667,0.75,0.536,0.374,0.397,2,4,91.2,15.3,2139,82.3,81.96,3,7,2,-0.29999999999999716,6.31,87,146,112,144,306,322,297
9,613564,"Vosler, Jason",419,2.1,0,0,0,0,0,0.009,0.007,0,2,90.6,70,2265,87,87.56,2,3,6,0.5999999999999943,6.62,121,150,115,154,293,323,299
9,650619,"Viloria, Meibrys",347,2.6,0.5,0,1,0.5,0.442,0.254,0.272,1,2,90.6,8,1852,86.6,86.1,0,1,8,-0.5,6.01,120,144,112,157,289,323,288
8,663538,"Hoerner, Nico",1831,0.4,0,0,,0,0,0,,0,1,,,2204,86.7,85.99,0,1,7,-0.7000000000000028,5.97,103,144,104,141,299,320,299
8,664058,"Fletcher, David",730,1.1,0,0,0,0,0,0.071,0.071,0,2,78.4,9.5,2333,90,89.79,0,3,5,-0.20000000000000284,6.25,101,148,98,148,281,312,285
8,665506,"Pache, Cristian",918,0.9,,,,,0.689,0.689,,0,0,,,2015,92.4,92.39,0,4,4,0,6.22,100,155,110,147,306,311,295
8,643289,"Dubón, Mauricio",933,0.9,0,0,0,0,0,0.097,0.106,0,3,80,26,2373,88,87.91,2,6,2,-0.09999999999999432,6.28,92,149,103,150,297,316,285
8,645302,"Robles, Victor",1415,0.6,0,0,,0,0,0,0,0,1,33.3,-61,2228,89.3,88.61,3,5,3,-0.7000000000000028,5.84,111,145,104,145,299,323,293
8,656495,"Guthrie, Dalton",120,6.7,,,,,0.689,0.689,,0,0,,,2010,87.8,87.45,0,0,8,-0.29999999999999716,6.4,105,129,112,124,202,293,274
8,682073,"Hensley, David",142,5.6,0,0,0,0,0,0.061,0.064,0,2,103.8,-27,2288,91,91.35,1,3,5,0.29999999999999716,6.41,93,128,98,120,297,320,288
8,680776,"Duran, Jarren",881,0.9,0,0,0,0,0,0.074,0.082,0,2,86.8,-11,2223,92.7,92.86,1,2,6,0.20000000000000284,6.17,118,147,100,154,298,322,315
8,664056,"Bader, Harrison",1187,0.7,0,0,0,0,0.344,0.346,0.003,0,1,74.5,76,2575,90.1,90.7,1,3,5,0.6000000000000085,6.54,110,149,109,151,299,329,294
8,670032,"Lopez, Nicky",1762,0.5,0.5,0,1,0.5,0.442,0.053,0.058,1,2,88.6,-22,2284,87.2,87.49,0,3,5,0.29999999999999716,6.5,110,150,92,150,287,309,293
8,663853,"Gonzalez, Romy",393,2,0,0,0,0,0,0.012,0.009,0,2,97.5,61,2440,91.1,91.53,3,4,4,0.4000000000000057,6.46,112,153,107,144,310,329,280
8,642086,"Smith, Dominic",577,1.4,0.333,0,0.5,0.333,0.295,0.17,0.181,1,3,88.1,-5,2479,91.9,91.29,1,3,5,-0.5,6.23,123,159,117,152,283,307,294
8,592663,"Realmuto, J.T.",2193,0.4,0,0,,0,0,0,,0,2,,,2506,88.5,89.46,3,6,2,1,6.86,119,158,123,151,300,324,286
8,664670,"Lopez, Alejo",571,1.4,0,0,0,0,0,0.147,0.151,0,2,74.2,28.5,2288,91.5,21.28,1,4,4,-70.2,5.7,108,144,99,147,278,302,275
8,664041,"Davis, Jaylin",128,6.3,0,0,0,0,0,0.222,0.236,0,1,47.5,-67,2417,87.7,87.5,0,4,4,-0.20000000000000284,6.31,87,142,106,147,276,318,294
8,656541,"Hilliard, Sam",870,0.9,0,0,0,0,0,0.098,0.053,0,2,96.1,38,2316,93.3,92.86,1,3,5,-0.3999999999999915,5.73,121,149,100,150,295,325,301
8,608703,"Reynolds, Matt",1080,0.7,0,0,0,0,0,0.046,0.048,0,2,60.2,-37,2512,92.5,92.51,1,3,5,0,6.33,96,146,107,144,298,318,279
8,656555,"Hoskins, Rhys",2897,0.3,1,0,1,1,0.884,0.113,0.124,1,1,91.3,-14,2331,94.4,94.93,0,4,4,0.5,6.46,119,141,116,146,302,314,285
8,456781,"Solano, Donovan",1189,0.7,0,0,0,0,0,0.04,0.042,0,2,73.2,-2,2300,93.4,92.71,2,5,3,-0.7000000000000028,5.9,101,141,112,144,301,304,273
8,621450,"Bolt, Skye",483,1.7,0,0,0,0,0,0.115,0.123,0,2,90.5,-14.5,1808,94.2,93.78,0,3,5,-0.4000000000000057,6.21,126,149,109,151,283,318,294
8,643217,"Benintendi, Andrew",1926,0.4,1,0.5,1,1.5,1.073,0.491,0.507,2,2,94.6,2,2233,88.9,88.64,2,6,2,-0.30000000000001137,6,123,147,94,149,289,317,295
7,596142,"Sánchez, Gary",1881,0.4,0,0,0,0,0,0.038,0.025,0,3,95.9,50,2324,88.3,88.36,1,3,4,0.10000000000000853,6.43,96,146,108,138,290,310,288
7,682998,"Carroll, Corbin",458,1.5,0,0,,0,0,0,,0,1,,,2296,96.9,96.69,1,5,2,-0.20000000000000284,6,123,151,110,152,288,309,301
7,656821,"Padlo, Kevin",132,5.3,0,0,,0,0.344,0.344,,0,1,,,2298,92.7,92.83,1,2,5,0.09999999999999432,6.57,115,154,117,151,301,317,285
7,664901,"Mendick, Danny",422,1.7,0,0,0,0,0,0.149,0.154,0,2,57.1,8,2271,88.3,87.96,0,3,4,-0.29999999999999716,5.91,80,143,100,145,296,322,277
7,593160,"Merrifield, Whit",2017,0.3,0.5,0.5,0.5,1,0.631,0.106,0.115,1,2,88.6,-19,2253,88.8,88.63,0,4,3,-0.20000000000000284,6.46,109,149,105,144,307,310,284
7,680977,"Donovan, Brendan",1966,0.4,0,0,0,0,0,0.322,0.19,0,2,92.2,30.5,1959,95.7,95.5,1,4,3,-0.20000000000000284,6.17,127,151,102,152,279,308,290
7,592192,"Canha, Mark",2218,0.3,,,,,0.72,0.72,,0,0,,,2087,89.9,90.59,0,1,6,0.6999999999999886,6.61,114,154,119,147,302,325,297
7,660162,"Moncada, Yoán",1725,0.4,0,0,0,0,0,0.061,0.062,0,2,77.5,20,2476,89.8,90.01,2,5,2,0.20000000000000284,6.33,116,153,102,150,291,317,294
7,572041,"Pollock, AJ",1837,0.4,0.5,0.25,0.667,0.75,0.536,0.253,0.25,2,4,95,13.7,2085,88,88.31,1,5,2,0.29999999999999716,6.39,106,154,121,147,298,322,290
7,608686,"Mayfield, Jack",255,2.7,0,0,0,0,0,0.082,0.087,0,2,72.1,6,2086,87.1,87.44,1,6,1,0.30000000000001137,6.63,109,148,108,149,277,325,291
7,544725,"García, Leury",1155,0.6,0,0,0,0,0,0.097,0.101,0,2,39.9,-74,2218,92.4,92.73,1,4,3,0.29999999999999716,6.43,102,142,106,140,273,308,298
7,592885,"Yelich, Christian",2747,0.3,,,,,0.689,0.689,,0,0,,,2456,87.9,88.14,0,1,6,0.19999999999998863,6.64,114,147,109,150,293,315,297
7,592273,"Drury, Brandon",2242,0.3,1,2,1,3,1.667,0.616,0.516,2,2,101.1,22,2258,92.6,92.94,2,4,3,0.30000000000001137,6.41,114,148,119,144,301,320,284
7,668800,"Knizner, Andrew",1103,0.6,,,,,0.689,0.689,,0,0,,,2457,89,88.16,0,2,5,-0.7999999999999972,5.97,115,154,122,145,298,320,298
7,681584,"Villar, David",730,1,0.667,0,0.667,0.667,0.589,0.127,0.14,2,3,68.1,-4,2319,87.6,88.3,0,4,3,0.7000000000000028,6.59,112,152,123,144,297,316,289
7,669256,"Solak, Nick",357,2,0,0,0,0,0,0.007,0.009,0,2,60.6,29,2044,85,84.81,1,4,3,-0.20000000000000284,6.29,95,139,102,121,297,319,272
7,640458,"Mercado, Óscar",471,1.5,0,0,0,0,0.344,0.351,0.014,0,1,88.1,53,2451,88.5,89.93,0,2,5,1.4000000000000057,6.9,89,143,103,144,306,320,298
7,609280,"Andujar, Miguel",511,1.4,0,0,,0,0,0,,0,2,,,2415,88.7,87.56,1,3,4,-1.1000000000000085,5.5,102,125,101,119,288,305,289
7,676646,"Reks, Zach",114,6.1,0.5,0.25,0.5,0.75,0.536,0.444,0.442,2,4,91.1,12.3,2030,91.9,92.09,0,4,3,0.19999999999998863,6.41,124,158,100,152,292,322,299
7,621043,"Correa, Carlos",2419,0.3,1,0,1,1,0.884,0.784,0.78,1,1,106.1,9,2260,89.7,89.67,0,2,5,0,6.21,90,107,98,103,297,312,295
7,606115,"Arcia, Orlando",920,0.8,0,0,,0,0,0,,0,2,,,2397,85.2,86.14,3,4,3,0.8999999999999915,6.76,118,153,111,150,304,325,287
7,663993,"Lowe, Nathaniel",2525,0.3,1,0,1,1,0.884,0.857,0.8,1,1,111.7,13,2309,89.8,89.14,0,4,3,-0.7000000000000028,6.03,90,102,87,107,290,328,291
7,408234,"Cabrera, Miguel",1643,0.4,0,0,,0,0,0,,0,1,,,2390,88.2,87.6,1,3,4,-0.6000000000000085,6.21,116,148,113,143,291,315,285
7,663662,"Cameron, Daz",266,2.6,0,0,,0,0,0,,0,1,,,2247,92.5,94.13,2,4,3,1.5999999999999943,7.11,94,155,117,148,303,313,282
7,607461,"Beaty, Matt",177,4,0,0,0,0,0,0.003,0.003,0,2,56.2,74,2477,88.7,88.8,2,4,3,0.09999999999999432,6.41,105,148,113,149,282,319,295
6,542921,"Beckham, Tim",91,6.6,0,0,0,0,0,0.222,0.23,0,2,61.9,0.5,2256,93.8,94.62,1,4,2,0.7999999999999972,6.67,104,141,114,136,309,322,294
6,664029,"Mathias, Mark",404,1.5,0,0,0,0,0,0.339,0.363,0,2,89.3,-7.5,2748,84.7,84.88,0,4,2,0.20000000000000284,6.48,106,140,110,141,297,323,284
6,656976,"Smith, Pavin",1109,0.5,0.5,0,0.5,0.5,0.442,0.558,0.569,1,2,98.8,3,2544,85.2,86,0,2,4,0.7999999999999972,6.83,102,125,92,133,295,326,306
6,609274,"Hernandez, Elier",137,4.4,0,0,,0,0,0,,0,1,,,3057,87.1,84.32,1,2,4,-2.799999999999997,4.58,93,110,89,102,306,316,287
6,592450,"Judge, Aaron",2906,0.2,0,0,0,0,0,0.165,0.177,0,1,60.7,-42,2416,87.9,88.27,1,4,2,0.3999999999999915,6.48,112,151,120,147,326,322,287
6,518934,"LeMahieu, DJ",2152,0.3,0,0,0,0,0,0.064,0.067,0,1,80.5,-17,2218,91.9,91.88,0,2,4,0,6.45,86,150,127,149,303,322,290
6,666310,"Naylor, Bo",37,16.2,0,0,0,0,0,0.327,0.311,0,2,94.3,31,2119,83,82.75,1,3,3,-0.20000000000000284,6.15,106,177,109,153,273,319,295
6,600869,"Candelario, Jeimer",1739,0.3,0,0,0,0,0,0.003,0.003,0,2,55.4,83,2217,82.6,83.07,1,3,3,0.5999999999999943,6.52,97,168,121,144,289,325,291
6,664848,"Sands, Donny",17,35.3,0,0,0,0,0,0.041,0.046,0,1,86.7,-28,1735,86.6,86.6,0,3,3,0,5.78,111,145,116,140,299,322,292
6,663616,"Larnach, Trevor",724,0.8,,,,,0.689,0.689,,0,0,,,1602,86.3,85.7,1,1,5,-0.5999999999999943,6.13,122,169,111,155,303,319,296
6,606192,"Hernández, Teoscar",2082,0.3,,,,,0.689,0.689,,0,0,,,2300,89.6,89.58,0,1,5,0,6.45,94,147,108,142,306,323,291
6,543309,"Higashioka, Kyle",907,0.7,0,0,0,0,0,0.064,0.042,0,3,83.1,30,2499,88.4,87.8,0,4,2,-0.5,5.83,114,153,120,149,294,316,289
6,543877,"Vázquez, Christian",1632,0.4,0,0,0,0,0.344,0.355,0.02,0,1,86.3,33,2577,88.5,89.05,0,2,4,0.5999999999999943,6.67,108,154,118,150,310,331,292
6,429664,"Canó, Robinson",382,1.6,0,0,,0,0,0,,0,1,,,2478,89,88.9,0,1,5,-0.09999999999999432,6.45,125,170,116,144,299,321,316
6,670156,"Mastrobuoni, Miles",68,8.8,0,0,,0,0,0,,0,1,,,2694,98.9,99.47,1,2,4,0.5999999999999943,6.48,122,150,103,152,271,301,285
6,606213,"Mercedes, Yermín",353,1.7,0,0,0,0,0,0.004,0.004,0,2,78.9,64,2473,83.8,83.8,2,4,2,0,6.35,96,149,121,145,303,321,295
6,542932,"Berti, Jon",1570,0.4,0,0,0,0,0,0.008,0.009,0,1,89.7,75,2442,93.4,93.25,0,2,4,-0.10000000000000853,6.68,113,149,129,150,305,308,270
6,606019,"Quiroz, Esteban",185,3.2,0,0,0,0,0,0.089,0.094,0,1,61.6,-40,2389,92.8,92.5,0,1,5,-0.29999999999999716,6.23,94,153,113,154,279,316,298
6,641512,"DeLuzio, Ben",97,6.2,0,0,0,0,0,0.661,0.703,0,1,63.2,1,2335,87.7,88.25,1,3,3,0.5,6.68,83,148,105,146,313,323,284
6,570482,"Urshela, Gio",2017,0.3,1,0,1,1,0.884,0.724,0.743,2,2,103.8,10,2521,86.9,86.58,1,3,3,-0.30000000000001137,6.12,101,157,117,146,307,307,281
6,680757,"Kwan, Steven",2643,0.2,0.5,0,0.5,0.5,0.442,0.391,0.426,1,2,94.1,-0.5,2351,89.5,88.6,0,2,4,-0.9000000000000057,5.82,101,145,94,145,267,302,292
6,664314,"Florial, Estevan",140,4.3,0,0,0,0,0,0.029,0.029,0,2,67.9,-18,2075,89.3,88.6,1,2,4,-0.7000000000000028,6.08,86,132,96,139,284,311,280
6,641914,"Neuse, Sheldon",1160,0.5,0,0,0,0,0,0.158,0.164,0,2,72.4,-39.5,2141,92.3,91.63,0,3,3,-0.7000000000000028,5.82,95,107,89,99,286,297,221
6,672515,"Moreno, Gabriel",265,2.3,0,0,0,0,0,0.774,0.814,0,1,88.9,17,2412,85.8,86.38,0,2,4,0.6000000000000085,6.43,113,152,118,145,302,328,285
6,679529,"Torkelson, Spencer",1609,0.4,0,0,0,0,0,0.188,0.18,0,1,81.7,27,2584,88,87.98,1,2,4,0,6.33,116,156,123,153,297,336,297
6,595453,"Wallach, Chad",168,3.6,,,,,0.689,0.689,,0,0,,,2503,84.3,84.55,1,1,5,0.20000000000000284,6.62,106,133,112,135,297,318,285
6,680814,"Burdick, Peyton",401,1.5,1,0,1,1,0.884,0.178,0.193,1,1,63.7,7,2457,84.4,83.12,1,4,2,-1.3000000000000114,5.57,88,141,102,134,293,322,293
6,641741,"Katoh, Gosuke",38,15.8,,,,,0.689,0.689,,0,0,,,2185,97.4,97.15,0,2,4,-0.20000000000000284,6.33,126,150,113,154,284,313,289
6,683002,"Henderson, Gunnar",539,1.1,,,,,0.689,0.689,,0,0,,,2434,81.2,80.6,1,2,4,-0.6000000000000085,5.97,122,147,118,154,290,314,293
6,596451,"Quinn, Roman",347,1.7,0,0,0,0,0,0.016,0.011,0,2,99.6,63,2286,94.6,95.85,1,2,4,1.2000000000000028,6.88,115,144,99,144,280,323,289
6,668472,"Pratto, Nick",787,0.8,0,0,,0,0,0,,0,1,,,2297,96.2,95.77,1,2,4,-0.4000000000000057,6.05,121,170,112,153,307,328,303
6,669743,"Call, Alex",570,1.1,0.5,0,0.5,0.5,0.442,0.475,0.501,1,2,102.2,-4,2414,91.2,91.32,0,2,4,0.09999999999999432,6.42,101,153,99,149,306,308,283
6,669394,"Burger, Jake",682,0.9,0,0,,0,0,0,,0,1,,,2081,94.8,95.08,0,2,4,0.29999999999999716,6.35,112,143,118,142,310,312,299
6,602104,"Urías, Ramón",1645,0.4,0,0,0,0,0,0.256,0.175,0,2,97.5,25,2182,89,89.15,3,5,1,0.09999999999999432,6.48,107,147,110,143,313,327,289
6,660650,"Garcia, Dérmis",535,1.1,0,0,0,0,0,0.006,0.006,0,1,65.9,82,2250,86.6,86.67,1,3,3,0.20000000000000284,6.35,115,155,112,150,294,328,296
5,681987,"Eaton, Nate",479,1,1,0,1,1,0.884,0.864,0.897,1,1,82.8,18,2164,87.1,86.7,0,3,2,-0.3999999999999915,6.02,113,155,119,149,307,319,297
5,665862,"Chisholm Jr., Jazz",950,0.5,,,,,0.689,0.689,,0,0,,,2440,97.1,97.3,0,0,5,0.20000000000000284,6.12,87,143,95,142,291,329,289
5,645444,"Herrera, Jose",475,1.1,0,0,0,0,0,0.074,0.082,0,1,79.8,-11,1887,90.7,90.36,0,2,3,-0.29999999999999716,6.16,88,181,125,152,311,316,298
5,656305,"Chapman, Matt",2637,0.2,1,0,1,1,0.884,0.508,0.54,1,1,106.5,3,2386,90.6,89.2,0,1,4,-1.3999999999999915,5.86,113,148,114,147,305,326,295
5,542255,"Inciarte, Ender",31,16.1,0,0,0,0,0,0.071,0.071,0,1,88.1,-42,2169,90.9,90.92,0,1,4,0,6.38,116,149,95,154,280,310,294
5,628450,"Hernandez, Yadiel",1303,0.4,0.5,0.5,0.5,1,0.631,0.704,0.552,1,2,96,17,2254,89.5,89.24,1,4,1,-0.29999999999999716,6.14,120,151,103,153,292,317,279
5,623168,"Heineman, Tyler",602,0.8,0,0,,0,0,0,,0,1,,,2297,83.5,81.94,3,3,2,-1.5999999999999943,5.58,88,155,115,152,291,303,288
5,608348,"Kelly, Carson",1423,0.4,0,0,,0,0,0,,0,1,,,2352,87.8,88.02,2,3,2,0.20000000000000284,6.5,111,155,124,148,316,316,280
5,680911,"Miller, Owen",1836,0.3,,,,,0.689,0.689,,0,0,,,2109,95.5,96.88,0,0,5,1.4000000000000057,6.74,88,151,115,142,305,320,296
5,656185,"Allen, Greg",531,0.9,0,0,0,0,0,0.05,0.049,0,1,79,-20,2540,84,83.1,0,1,4,-0.9000000000000057,5.58,87,146,108,145,326,331,293
5,621512,"Nido, Tomás",1067,0.5,0,0,,0,0,0,0,0,1,33.4,-36,2475,88.6,89.44,2,5,0,0.8000000000000114,6.56,66,136,86,125,299,304,271
5,660707,"Montero, Elehuris",674,0.7,0,0,0,0,0,0.01,0.011,0,1,82.3,63,2242,84.6,84.5,1,3,2,-0.09999999999999432,5.84,86,150,117,139,322,323,303
5,680777,"Jeffers, Ryan",948,0.5,0.5,0,0.5,0.5,0.442,0.208,0.223,1,2,70.1,-13,2201,97,97.72,0,3,2,0.7000000000000028,6.56,91,143,108,141,291,319,281
5,501571,"Lagares, Juan",241,2.1,0,0,0,0,0,0.384,0.217,0,1,96,30,2436,89.1,89.52,0,3,2,0.4000000000000057,6.6,110,150,113,145,299,320,285
5,500871,"Escobar, Eduardo",2089,0.2,1,0,1,1,0.884,0.18,0.196,1,1,64.6,7,2433,85,84.5,1,2,3,-0.5,6.18,108,152,117,149,300,320,284
5,571448,"Arenado, Nolan",2330,0.2,0,0,,0,0,0,,0,1,,,2553,89.3,89.26,1,2,3,0,6.88,86,147,114,136,296,329,288
5,642731,"Estrada, Thairo",1945,0.3,0,0,0,0,0,0.178,0.197,0,2,67.3,1,2071,92.9,92.68,0,2,3,-0.20000000000000284,6.14,116,151,116,149,293,318,278
5,547173,"Lopes, Christian",47,10.6,0,0,,0,0,0,,0,1,,,2024,96.5,95.98,1,2,3,-0.5,6.3,85,142,102,138,291,303,274
5,571771,"Hernández, Enrique",1490,0.3,0.5,0,0.5,0.5,0.442,0.54,0.575,1,2,94.8,7,2243,90.4,91.62,0,3,2,1.1999999999999886,6.94,97,125,104,113,259,179,288
5,657757,"Sheets, Gavin",1699,0.3,0,0,,0,0,0,,0,1,,,1977,87.6,87.84,2,3,2,0.20000000000000284,6.36,125,184,117,156,294,328,295
5,663647,"Hayes, Ke'Bryan",2227,0.2,0,0,0,0,0,0.111,0.122,0,1,81.1,-7,1976,86.1,85.76,0,1,4,-0.29999999999999716,6.26,113,142,122,140,294,320,285
5,664034,"France, Ty",2211,0.2,0,0,0,0,0,0.003,0.003,0,2,60,78,2571,83.5,83.98,2,4,1,0.5,6.58,110,133,103,122,281,292,266
5,605421,"Perez, Michael",492,1,,,,,0.689,0.689,,0,0,,,2564,94,93.66,0,0,5,-0.29999999999999716,6.4,96,140,109,139,303,320,315
5,669004,"Melendez, MJ",2196,0.2,0,0,,0,0,0,,0,1,,,2569,86.6,85.54,1,1,4,-1.0999999999999943,5.76,122,151,99,155,294,332,315
5,665155,"Maton, Nick",365,1.4,1,0,1,1,0.884,0.511,0.554,1,1,98.5,5,2719,94.3,96.08,1,3,2,1.7999999999999972,7.32,93,100,87,113,239,249,252
5,624641,"Sosa, Edmundo",653,0.8,,,,,0.689,0.689,,0,0,,,2347,91.3,91.54,0,0,5,0.20000000000000284,6.64,111,150,118,148,305,312,282
5,676950,"MacKinnon, David",252,2,0,0,0,0,0,0.099,0.109,0,1,83.3,-13,2286,91.3,91.48,0,1,4,0.20000000000000284,6.32,115,144,119,137,305,324,285
5,657077,"Verdugo, Alex",2490,0.2,0,0,,0,0,0,,0,1,,,2053,93.3,92.82,1,1,4,-0.5,6.12,125,150,123,149,291,324,309
5,594838,"Gosselin, Phil",310,1.6,0,0,,0,0,0,,0,1,,,2245,91,91.22,1,2,3,0.20000000000000284,6.58,121,156,128,151,315,316,306
5,506702,"León, Sandy",387,1.3,0.5,0,0.5,0.5,0.442,0.107,0.118,1,2,68.5,-49,2401,90.4,89.92,0,2,3,-0.5,6.06,86,135,88,140,292,297,270
5,457705,"McCutchen, Andrew",2364,0.2,0,0,0,0,0,0.056,0.053,0,1,72.8,-14,1944,89.6,88.86,0,1,4,-0.6999999999999886,5.86,87,149,112,136,299,326,302
5,592325,"Gamel, Ben",1713,0.3,0,0,,0,0,0,,0,1,,,1716,93.7,94.08,1,3,2,0.3999999999999915,6.62,130,157,99,155,291,339,319
5,666464,"Encarnación, Jerar",339,1.5,1,0,1,1,0.884,0.479,0.514,1,1,92.6,7,2826,88.6,88.34,0,3,2,-0.29999999999999716,6.52,117,155,119,148,303,320,285
5,543685,"Rendon, Anthony",759,0.7,1,0,1,1,0.884,0.759,0.771,1,1,105,9,2291,91.3,89.44,0,2,3,-1.8999999999999915,5.2,103,143,116,144,297,310,291
5,543257,"Grossman, Robbie",1942,0.3,,,,,0.689,0.689,,0,0,,,2407,90,89.9,0,0,5,-0.09999999999999432,6.22,116,158,117,150,284,303,271
5,641856,"McKinney, Billy",256,2,0,0,,0,0,0,,0,1,,,1881,90.7,91.26,1,3,2,0.5999999999999943,6.7,126,146,131,154,270,334,309
5,663656,"Tucker, Kyle",2262,0.2,1,3,,4,2.072,0.543,0.274,1,1,103.6,41,2488,88.8,87.84,0,3,2,-1,6.08,88,138,146,141,298,333,316
5,458015,"Votto, Joey",1505,0.3,0,0,0,0,0,0.163,0.089,0,1,98.5,41,1980,87.3,86.46,1,3,2,-0.7999999999999972,5.74,95,157,116,147,290,321,293
4,677649,"Duran, Ezequiel",790,0.5,0.5,0,0.5,0.5,0.442,0.403,0.414,1,2,83.9,29,2457,86.7,87.18,0,2,2,0.5,6.7,112,139,118,146,289,314,280
4,592200,"Casali, Curt",783,0.5,,,,,0.689,0.689,,0,0,,,2394,92,92.35,0,0,4,0.29999999999999716,6.45,112,156,116,149,312,332,301
4,665742,"Soto, Juan",2765,0.1,,,,,0.689,0.689,,0,0,,,2134,97.4,97.45,0,0,4,0.09999999999999432,6.5,123,141,115,145,300,314,312
4,608577,"Mazara, Nomar",714,0.6,0,0,,0,0,0,,0,1,,,2432,92.9,93.4,1,2,2,0.5,6.65,86,146,117,142,297,341,302
4,660271,"Ohtani, Shohei",2546,0.2,0,0,,0,0,0,,0,1,,,1860,91.5,91.3,1,1,3,-0.10000000000000853,6.47,122,153,108,157,309,342,312
4,518626,"Donaldson, Josh",2176,0.2,,,,,0.72,0.72,,0,0,,,2599,89.9,89.13,0,0,4,-0.8000000000000114,6.05,114,145,126,150,301,326,289
4,645277,"Albies, Ozzie",1027,0.4,0,0,0,0,0,0.209,0.171,0,1,95.1,24,2520,97.6,98.2,0,1,3,0.6000000000000085,6.25,87,142,105,144,303,326,311
4,666135,"Kirilloff, Alex",614,0.7,0,0,0,0,0,0.14,0.155,0,1,81.5,-4,2403,92.5,91.22,1,3,1,-1.2999999999999972,5.77,123,151,124,151,292,310,297
4,668843,"Capel, Conner",242,1.7,0,0,0,0,0,0.18,0.199,0,1,96.5,-13,2151,83.9,83.97,0,1,3,0.09999999999999432,6.38,86,139,95,147,292,321,299
4,502054,"Pham, Tommy",2505,0.2,,,,,0.689,0.689,,0,0,,,2243,92.5,92.15,0,0,4,-0.29999999999999716,6.25,93,144,109,143,304,329,286
4,624414,"Arroyo, Christian",1041,0.4,0,0,0,0,0,0.003,0.003,0,2,86.1,65,2235,98.8,99.8,1,3,1,1,6.88,115,153,126,151,291,319,282
4,665926,"Giménez, Andrés",2044,0.2,,,,,0.72,0.72,,0,0,,,2437,85.5,85.17,1,1,3,-0.29999999999999716,6.17,88,149,113,146,283,321,303
4,641857,"McMahon, Ryan",2559,0.2,0,0,,0,0,0,,0,1,,,2204,97.2,98.55,2,2,2,1.2999999999999972,6.83,119,145,144,122,287,319,292
4,665750,"Taveras, Leody",1274,0.3,1,0,1,1,0.884,0.901,0.949,1,1,85.6,16,1761,90.2,90.25,0,2,2,0.09999999999999432,6.35,116,139,97,148,280,322,296
4,669023,"Downs, Jeter",174,2.3,1,0,0.5,1,0.442,0.492,0.851,1,1,71.7,38,2417,96.5,97.75,1,4,0,1.2999999999999972,6.95,98,144,109,142,275,316,284
4,686681,"Massey, Michael",719,0.6,0,0,0,0,0,0.04,0,0,1,76.9,37,2302,88.4,88.43,2,3,1,0,6.42,113,157,102,144,293,324,300
4,676701,"Trejo, Alan",494,0.8,0,0,,0,0,0,,0,1,,,2419,90.3,90.38,1,2,2,0.10000000000000853,6.42,108,135,117,136,289,316,276
4,571466,"Barnhart, Tucker",1174,0.3,0,0,,0,0,0,,0,1,,,2153,91.4,91.15,0,1,3,-0.20000000000000284,6.07,120,157,121,152,299,325,274
4,628451,"Ibáñez, Andy",465,0.9,1,0,1,1,0.884,0.181,0.199,1,1,94.9,-15,2236,85.4,84.63,0,2,2,-0.8000000000000114,5.85,94,148,110,149,306,313,274
4,642180,"Wade, Tyler",628,0.6,0,0,0,0,0,0.112,0.12,0,1,52.5,-27,2448,86.9,87.5,0,2,2,0.5999999999999943,6.75,93,147,91,150,291,318,292
4,665861,"Rivero, Sebastián ",110,3.6,0,0,,0,0,0,,0,1,,,2135,91.1,91.35,0,2,2,0.20000000000000284,6.3,114,156,124,149,315,319,288
4,664874,"Zavala, Seby",875,0.5,0,0,0,0,0,0.466,0.517,0,1,94.6,7,1836,86.2,86.08,1,3,1,-0.10000000000000853,6.1,120,154,115,149,310,317,290
4,670541,"Alvarez, Yordan",2195,0.2,,,,,,,,,,,,2286,95.4,95.25,0,0,4,-0.10000000000000853,6.08,127,184,144,154,295,334,300
4,663697,"India, Jonathan",1733,0.2,1,0,1,1,0.802,0.626,0.549,1,1,95.8,6,2527,91.4,90.75,1,2,2,-0.6000000000000085,5.92,100,144,109,145,290,311,280
4,553993,"Suárez, Eugenio",2617,0.2,0,0,,0,0,0,,0,1,,,2192,82.9,81.95,2,3,1,-0.7999999999999972,5.92,87,151,122,147,303,320,292
4,665923,"Ruiz, Esteury",133,3,0,0,,0,0,0,,0,1,,,2440,96,97.17,2,2,2,1.2000000000000028,6.88,86,135,84,130,282,323,264
4,666211,"Trammell, Taylor",430,0.9,0,0,,0,0,0,,0,1,,,2116,82.3,81.97,1,3,1,-0.29999999999999716,6.1,125,152,106,179,295,320,296
4,668942,"Rojas, Josh",2033,0.2,0,0,,0,0.36,0.36,,0,1,,,2497,82.2,81.3,2,2,2,-0.9000000000000057,5.92,130,152,104,155,288,319,315
4,518792,"Heyward, Jason",558,0.7,0,0,0,0,0,0.075,0.078,0,1,85.3,-20,3016,85.5,85.7,0,1,3,0.20000000000000284,6.47,84,102,86,115,287,323,302
4,656448,"Garrett, Stone",312,1.3,0,0,0,0,0,0.049,0.043,0,1,78.1,60,2100,87.5,87.35,1,3,1,-0.20000000000000284,6.57,116,156,119,150,304,324,286
4,518586,"Culberson, Charlie",439,0.9,0,0,0,0,0,0.048,0.046,0,1,62.6,-20,2143,86.4,85.65,2,3,1,-0.7000000000000028,5.83,93,146,101,141,290,309,286
4,621439,"Buxton, Byron",1529,0.3,0,0,0,0,0,0.137,0.142,0,1,87.5,-7,2607,93.6,94.23,1,3,1,0.6000000000000085,6.55,115,156,126,143,289,313,283
4,642350,"Siri, Jose",1265,0.3,0,0,,0,0,0,,0,1,,,2206,85.7,84.97,2,3,1,-0.7000000000000028,6,116,155,99,147,295,326,285
4,502671,"Goldschmidt, Paul",2701,0.1,,,,,0.689,0.689,,0,0,,,2419,97.3,97.17,0,0,4,-0.09999999999999432,6.25,114,146,119,140,307,321,300
4,671083,"Kennedy, Buddy",363,1.1,0,0,,0,0,0,,0,1,,,2347,89.6,90.45,2,3,1,0.9000000000000057,6.67,112,154,114,150,292,308,290
4,650489,"Castro, Willi",1440,0.3,0,0,0,0,0,1.087,0.754,0,1,67.6,10.5,2231,95.4,96.02,0,2,2,0.5999999999999943,6.75,83,134,85,135,298,324,286
4,571976,"Myers, Wil",1160,0.3,0,0,0,0,0,0,0,0,1,71.7,69,1968,89,88.53,0,1,3,-0.5,5.92,120,155,111,151,302,320,296
4,656716,"McKinstry, Zach",791,0.5,1,0,1,1,0.884,0.826,0.86,1,1,81.9,15,2220,91.6,92.08,0,2,2,0.5,6.47,101,138,92,141,280,303,300
4,476704,"Lowrie, Jed",727,0.6,0,0,,0,0,0,,0,1,,,2313,86.6,84.83,0,1,3,-1.7999999999999972,5.4,108,153,113,149,293,323,270
4,677551,"Franco, Wander",1216,0.3,0,0,,0,0,0,,0,1,,,2490,90.2,89.3,2,3,1,-0.9000000000000057,5.7,86,137,105,135,313,314,287
4,621446,"Brinson, Lewis",168,2.4,1,1,1,2,1.261,1.172,0.743,1,1,103.9,22,2303,82.8,82.1,0,1,3,-0.7000000000000028,5.47,93,154,115,145,309,320,279
3,595777,"Profar, Jurickson",2790,0.1,1,0,1,1,0.884,0.127,0.129,1,1,51.8,6,2419,92.4,92.6,0,2,1,0.19999999999998863,6.47,123,162,115,151,279,315,294
3,553902,"Astudillo, Willians",150,2,0,0,0,0,0,0.092,0.083,0,1,77.2,53,2322,94.1,95.63,1,3,0,1.5,7.3,87,142,115,140,298,322,281
3,663624,"Mountcastle, Ryan",2340,0.1,0,0,0,0,0,0.066,0.063,0,1,70.6,57,2164,87.8,87.37,2,3,0,-0.3999999999999915,6.2,119,154,116,151,277,293,275
3,668751,"Mitchell, Cal",850,0.4,0,0,0,0,0,0.031,0.02,0,1,97.1,58,2506,91.5,90.1,0,1,2,-1.4000000000000057,5.87,132,167,119,150,298,308,288
3,622534,"Margot, Manuel",1397,0.2,1,3,,4,2.072,1.212,0.774,1,1,106.3,21,2366,91.3,91.57,1,2,1,0.29999999999999716,6.6,107,142,113,138,305,316,293
3,606993,"Hager, Jake",260,1.2,0,0,,0,0,0,,0,1,,,2283,86,85.57,1,3,0,-0.4000000000000057,5.93,108,158,123,148,302,321,293
3,666139,"Lowe, Josh",851,0.4,0,0,,0,0,0,,0,1,,,2328,94.4,93.67,2,2,1,-0.7000000000000028,6,128,157,116,133,287,319,304
3,665833,"Cruz, Oneil",1459,0.2,0,0,,0,0,0,,0,1,,,2786,87,86.9,2,2,1,-0.09999999999999432,6.37,124,181,150,150,295,326,303
3,671277,"García, Luis",1323,0.2,0,0,0,0,0,0.048,0.048,0,1,83.9,-28,1930,87.5,87.7,0,1,2,0.20000000000000284,6.6,88,143,99,147,288,321,307
3,670764,"Walls, Taylor",1888,0.2,0,0,0,0,0,0.105,0.11,0,1,89.5,-22,2155,86.6,87.07,0,2,1,0.5,6.53,119,151,107,154,302,314,289
3,676632,"Madris, Bligh",492,0.6,0,0,0,0,0,0.049,0.05,0,1,67.3,-23,2197,96.1,96,0,2,1,-0.09999999999999432,6.17,124,150,93,150,299,327,299
3,595956,"Gallagher, Cam",174,1.7,0,0,0,0,0,0.028,0.031,0,1,79.1,43,2041,95.7,94.1,1,2,1,-1.6000000000000085,5.3,104,153,126,144,299,311,291
3,514888,"Altuve, Jose",2308,0.1,0,0,0,0,0,0.489,0.543,0,1,67.1,17,2443,91.9,91.83,0,2,1,-0.10000000000000853,6.3,115,149,135,146,284,327,285
3,666160,"Moniak, Mickey",412,0.7,0,0,,0,0,0,,0,1,,,2211,80.5,80.03,2,2,1,-0.5,5.97,88,146,121,146,292,311,293
3,679631,"Vavra, Terrin",383,0.8,1,1,1,2,1.261,0.756,0.791,1,1,94.7,11,2562,91.5,90.3,1,2,1,-1.2000000000000028,5.33,113,154,103,153,277,323,303
3,542583,"Aguilar, Jesús",2078,0.1,,,,,,,,,,,,1930,91.4,90.5,1,1,2,-0.9000000000000057,5.8,103,151,100,142,305,319,275
3,660670,"Acuña Jr., Ronald",2162,0.1,1,0,1,1,0.884,0.826,0.86,1,1,81.8,15,2324,94.2,93.3,1,3,0,-0.9000000000000057,5.97,93,110,91,100,282,324,289
3,542194,"Bethancourt, Christian",1106,0.3,0,0,0,0,0,0.123,0.126,0,2,74.8,-7.5,2336,88.7,88.77,0,2,1,0.09999999999999432,6.43,109,152,118,147,303,334,299
3,661388,"Contreras, William",1546,0.2,0,0,0,0,0,0.07,0.07,0,1,69.5,-5,1883,94.2,94.7,0,1,2,0.5,6.6,87,151,120,150,308,300,291
3,596748,"Franco, Maikel",1418,0.2,0,0,0,0,0,0.234,0.26,0,1,46.7,30,2200,99.7,100.33,0,1,2,0.5999999999999943,6.8,120,145,119,148,307,334,287
3,545121,"Vargas, Ildemaro",794,0.4,0,0,,0,0,0,,0,1,,,1975,78.6,77.3,1,2,1,-1.2999999999999972,5.93,129,145,108,153,294,324,314
3,672779,"Marcano, Tucupita",672,0.4,0,0,,0,0,0,,0,1,,,2027,82.9,83.57,1,2,1,0.6999999999999886,7.2,114,153,102,155,271,317,307
3,519058,"Moustakas, Mike",1150,0.3,0,0,,0,0,0,,0,1,,,2144,92.6,93.43,3,3,0,0.8000000000000114,6.67,122,164,111,150,301,328,298
3,660766,"Yepez, Juan",1035,0.3,0,0,0,0,0,0.087,0.095,0,1,67.1,-4,2277,89.2,87.77,0,2,1,-1.4000000000000057,5.67,94,154,121,148,308,326,310
3,553882,"Narváez, Omar",1182,0.3,1,0,1,1,0.884,0.498,0.537,1,1,76.4,27,2777,82.1,82.5,0,1,2,0.4000000000000057,6.6,112,135,108,145,288,320,294
2,543768,"Shaw, Travis",81,2.5,0,0,0,0,0,0.204,0.22,0,1,47.2,23,2099,89.5,88.65,0,1,1,-0.7999999999999972,6.5,123,166,120,159,302,326,317
2,592206,"Castellanos, Nick",2066,0.1,1,0,1,1,0.884,0.493,0.506,1,1,96.5,3,2189,86.3,86.1,1,2,0,-0.20000000000000284,6.3,87,153,122,151,301,324,294
2,682928,"Abrams, CJ",1008,0.2,,,,,,,,0,0,31.3,25,2643,91.2,92.2,1,2,0,1,6.75,99,144,83,141,286,320,300
2,670768,"González, Luis",1472,0.1,0,0,0,0,0,0.284,0.314,0,1,80.1,5,1730,91.7,92.15,1,2,0,0.5,6.65,86,142,89,143,299,313,300
2,672279,"Siani, Michael",98,2,0,0,0,0,0,0.01,0.011,0,1,33.4,80,2207,94,94.9,0,1,1,1,6.95,104,141,78,136,288,313,310
2,673548,"Suzuki, Seiya",1876,0.1,,,,,,,,,,,,1869,85,83.15,0,0,2,-1.7999999999999972,5.15,112,154,126,150,303,325,299
2,671056,"Herrera, Iván",98,2,,,0,,0,0.042,,0,0,90,34,1813,90.2,91,0,2,0,0.7999999999999972,6.75,86,138,90,140,298,313,292
2,656388,"Dunand, Joe",47,4.3,1,0,1,1,0.884,0.657,0.726,1,1,73,17,1755,90.8,91.3,0,1,1,0.5,6.65,110,156,124,151,311,323,287
2,681146,"Bride, Jonah",797,0.3,0,0,0,0,0,0.364,0.329,0,1,96.8,19,2201,88.5,88.15,0,2,0,-0.20000000000000284,6.15,124,153,113,151,290,318,287
2,664850,"Mazeika, Patrick",284,0.7,0,0,0,0,0,0.157,0.169,0,1,42.3,-43,2546,82.9,84,0,2,0,1.2000000000000028,6.65,88,100,93,111,268,308,282
2,669087,"Huff, Sam",501,0.4,0,0,0,0,0,0.165,0.181,0,1,96.2,-14,2356,90.1,89.8,1,2,0,-0.20000000000000284,5.9,115,154,117,146,300,331,293
2,656941,"Schwarber, Kyle",2878,0.1,0,0,0,0,0,0.015,0.014,0,1,86.2,81,2760,97.2,99.8,0,1,1,2.5999999999999943,7.55,126,166,149,148,282,325,297
1,683021,"Stefanic, Michael",251,0.4,,,,,,,,0,0,21.4,4,2226,95,95.7,0,1,0,0.7000000000000028,7,85,134,75,142,317,314,297
1,622682,"Reyes, Victor",1283,0.1,0,0,0,0,0,0.172,0.189,0,1,43.6,0,2301,92.2,93.4,0,1,0,1.2000000000000028,7,90,156,116,149,308,320,285
1,605548,"Zimmer, Bradley",439,0.2,,,,,,,,0,0,16.6,-4,,88.8,88.5,0,1,0,-0.29999999999999716,6.2,88,139,73,126,297,326,297
1,642708,"Rosario, Amed",2395,0,1,0,1,1,0.884,0.752,0.7,1,1,106.3,14,2029,96.7,95.5,0,1,0,-1.2000000000000028,5.9,87,113,86,106,260,277,267
1,545361,"Trout, Mike",2105,0,,,,,,,,,,,,2602,84.9,83.1,0,0,1,-1.8000000000000114,5,88,149,118,143,314,318,292
1,456715,"Cain, Lorenzo",623,0.2,0,0,0,0,0,0.436,0.46,0,1,101.8,0,2215,81.6,82.1,0,1,0,0.5,6.6,118,163,120,148,316,323,300
1,622666,"Camargo, Johan",718,0.1,,,,,,,,0,0,14.7,13,2099,85.7,86.7,0,1,0,1,6.9,90,146,84,141,296,322,282
1,572008,"Owings, Chris",261,0.4,,,,,,,,0,0,30.6,-35,2309,86.1,86.1,0,1,0,0,6.2,71,128,83,136,297,314,273
1,605131,"Barnes, Austin",850,0.1,0,0,0,0,0,0.014,0.014,0,1,89.5,51,2239,94.9,95.9,0,1,0,1,6.7,95,141,110,132,302,313,267
1,666181,"Benson, Will",229,0.4,0,0,0,0,0,0.161,0.173,0,1,99.9,-18,2570,82.5,81.6,0,1,0,-0.9000000000000057,6.2,121,146,120,152,283,314,292